first_name,last_name,email,password
Marielle,Predovic,roy.krajcik@example.net,password
Vada,Weber,herman40@example.com,password
Pascale Maggio,Pascale Maggio,isabel73@example.org,password
Prof. Santiago Bartoletti,Prof. Santiago Bartoletti,reed.okeefe@example.com,password
Jannie Crooks,Jannie Crooks,bartoletti.ana@example.org,password
Filiberto Christiansen,Filiberto Christiansen,pleannon@example.com,password
Prof. Jovany Daugherty,Prof. Jovany Daugherty,jacobi.rodrigo@example.net,password
Dr. Wilford Rempel,Dr. Wilford Rempel,amedhurst@example.net,password
Ms. Damaris Luettgen MD,Ms. Damaris Luettgen MD,randi.breitenberg@example.org,password
Prof. Federico Cole,Prof. Federico Cole,yluettgen@example.net,password
